{
	"IcoMoonType": "selection",
	"icons": [
		{
			"icon": {
				"paths": [
					"M512 32l-512 512 96 96 96-96v416h256v-192h128v192h256v-416l96 96 96-96-512-512zM512 448c-35.346 0-64-28.654-64-64s28.654-64 64-64c35.346 0 64 28.654 64 64s-28.654 64-64 64z"
				],
				"attrs": [],
				"tags": [
					"home",
					"house"
				],
				"defaultCode": 58880,
				"grid": 16
			},
			"attrs": [],
			"properties": {
				"order": 2,
				"id": 1456,
				"prevSize": 32,
				"code": 59649,
				"ligatures": "home2, house2",
				"name": "home2"
			},
			"setIdx": 0,
			"iconIdx": 1
		},
		{
			"icon": {
				"paths": [
					"M896 128v832h-672c-53.026 0-96-42.98-96-96s42.974-96 96-96h608v-768h-640c-70.398 0-128 57.6-128 128v768c0 70.4 57.602 128 128 128h768v-896h-64z",
					"M224.056 832v0c-0.018 0.002-0.038 0-0.056 0-17.672 0-32 14.326-32 32s14.328 32 32 32c0.018 0 0.038-0.002 0.056-0.002v0.002h607.89v-64h-607.89z"
				],
				"attrs": [],
				"tags": [
					"book",
					"read",
					"reading"
				],
				"defaultCode": 57457,
				"grid": 16
			},
			"attrs": [],
			"properties": {
				"order": 3,
				"id": 1612,
				"prevSize": 32,
				"code": 59679,
				"ligatures": "book, read",
				"name": "book"
			},
			"setIdx": 0,
			"iconIdx": 31
		},
		{
			"icon": {
				"paths": [
					"M0 192l320-128v768l-320 128z",
					"M384 32l320 192v736l-320-160z",
					"M768 224l256-192v768l-256 192z"
				],
				"attrs": [],
				"tags": [
					"map",
					"guide"
				],
				"defaultCode": 57596,
				"grid": 16
			},
			"attrs": [],
			"properties": {
				"id": 319,
				"order": 1,
				"prevSize": 32,
				"code": 59723,
				"ligatures": "map, guide",
				"name": "map"
			},
			"setIdx": 0,
			"iconIdx": 75
		},
		{
			"icon": {
				"paths": [
					"M512 64c282.77 0 512 186.25 512 416 0 229.752-229.23 416-512 416-27.156 0-53.81-1.734-79.824-5.044-109.978 109.978-241.25 129.7-368.176 132.596v-26.916c68.536-33.578 128-94.74 128-164.636 0-9.754-0.758-19.33-2.164-28.696-115.796-76.264-189.836-192.754-189.836-323.304 0-229.75 229.23-416 512-416z"
				],
				"attrs": [],
				"tags": [
					"bubble",
					"comment",
					"chat",
					"talk"
				],
				"defaultCode": 57680,
				"grid": 16
			},
			"attrs": [],
			"properties": {
				"id": 422,
				"order": 4,
				"prevSize": 32,
				"code": 59755,
				"ligatures": "bubble, comment",
				"name": "bubble"
			},
			"setIdx": 0,
			"iconIdx": 107
		},
		{
			"icon": {
				"paths": [
					"M440.236 635.766c-13.31 0-26.616-5.076-36.77-15.23-95.134-95.136-95.134-249.934 0-345.070l192-192c46.088-46.086 107.36-71.466 172.534-71.466s126.448 25.38 172.536 71.464c95.132 95.136 95.132 249.934 0 345.070l-87.766 87.766c-20.308 20.308-53.23 20.308-73.54 0-20.306-20.306-20.306-53.232 0-73.54l87.766-87.766c54.584-54.586 54.584-143.404 0-197.99-26.442-26.442-61.6-41.004-98.996-41.004s-72.552 14.562-98.996 41.006l-192 191.998c-54.586 54.586-54.586 143.406 0 197.992 20.308 20.306 20.306 53.232 0 73.54-10.15 10.152-23.462 15.23-36.768 15.23z",
					"M256 1012c-65.176 0-126.45-25.38-172.534-71.464-95.134-95.136-95.134-249.934 0-345.070l87.764-87.764c20.308-20.306 53.234-20.306 73.54 0 20.308 20.306 20.308 53.232 0 73.54l-87.764 87.764c-54.586 54.586-54.586 143.406 0 197.992 26.44 26.44 61.598 41.002 98.994 41.002s72.552-14.562 98.998-41.006l192-191.998c54.584-54.586 54.584-143.406 0-197.992-20.308-20.308-20.306-53.232 0-73.54 20.306-20.306 53.232-20.306 73.54 0.002 95.132 95.134 95.132 249.932 0.002 345.068l-192.002 192c-46.090 46.088-107.364 71.466-172.538 71.466z"
				],
				"attrs": [],
				"tags": [
					"link",
					"chain",
					"url",
					"uri",
					"anchor"
				],
				"defaultCode": 58061,
				"grid": 16
			},
			"attrs": [],
			"properties": {
				"order": 5,
				"id": 1557,
				"prevSize": 32,
				"code": 59851,
				"ligatures": "link, chain",
				"name": "link"
			},
			"setIdx": 0,
			"iconIdx": 203
		},
		{
			"icon": {
				"paths": [
					"M1024 397.050l-353.78-51.408-158.22-320.582-158.216 320.582-353.784 51.408 256 249.538-60.432 352.352 316.432-166.358 316.432 166.358-60.434-352.352 256.002-249.538z"
				],
				"attrs": [],
				"tags": [
					"star-full",
					"rate",
					"star",
					"favorite",
					"bookmark"
				],
				"defaultCode": 58113,
				"grid": 16
			},
			"attrs": [],
			"properties": {
				"id": 865,
				"order": 6,
				"prevSize": 32,
				"code": 59865,
				"ligatures": "star-full, rate3",
				"name": "star-full"
			},
			"setIdx": 0,
			"iconIdx": 217
		},
		{
			"icon": {
				"paths": [
					"M896 0h-768c-70.4 0-128 57.6-128 128v768c0 70.4 57.6 128 128 128h768c70.4 0 128-57.6 128-128v-768c0-70.4-57.6-128-128-128zM448 794.51l-237.254-237.256 90.51-90.508 146.744 146.744 306.746-306.746 90.508 90.51-397.254 397.256z"
				],
				"attrs": [],
				"tags": [
					"checkbox-checked",
					"checkbox",
					"tick",
					"checked",
					"selected"
				],
				"defaultCode": 61033,
				"grid": 16
			},
			"attrs": [],
			"properties": {
				"id": 1195,
				"order": 8,
				"prevSize": 32,
				"code": 59986,
				"ligatures": "checkbox-checked, checkbox",
				"name": "checkbox-checked"
			},
			"setIdx": 0,
			"iconIdx": 338
		},
		{
			"icon": {
				"paths": [
					"M512 0c-282.77 0-512 229.23-512 512s229.23 512 512 512 512-229.23 512-512-229.23-512-512-512zM512 640c-70.692 0-128-57.306-128-128 0-70.692 57.308-128 128-128 70.694 0 128 57.308 128 128 0 70.694-57.306 128-128 128z"
				],
				"attrs": [],
				"tags": [
					"radio-checked",
					"radio-button"
				],
				"defaultCode": 58424,
				"grid": 16
			},
			"attrs": [],
			"properties": {
				"id": 1197,
				"order": 7,
				"prevSize": 32,
				"code": 59989,
				"ligatures": "radio-checked2, radio-button2",
				"name": "radio-checked2"
			},
			"setIdx": 0,
			"iconIdx": 341
		},
		{
			"icon": {
				"paths": [
					"M559.066 64c0 0-200.956 0-267.94 0-120.12 0-233.17 91.006-233.17 196.422 0 107.726 81.882 194.666 204.088 194.666 8.498 0 16.756-0.17 24.842-0.752-7.93 15.186-13.602 32.288-13.602 50.042 0 29.938 16.104 54.21 36.468 74.024-15.386 0-30.242 0.448-46.452 0.448-148.782-0.002-263.3 94.758-263.3 193.020 0 96.778 125.542 157.314 274.334 157.314 169.624 0 263.306-96.244 263.306-193.028 0-77.6-22.896-124.072-93.686-174.134-24.216-17.144-70.53-58.836-70.53-83.344 0-28.72 8.196-42.868 51.428-76.646 44.312-34.624 75.672-83.302 75.672-139.916 0-67.406-30.020-133.098-86.372-154.772h84.954l59.96-43.344zM465.48 719.458c2.126 8.972 3.284 18.206 3.284 27.628 0 78.2-50.392 139.31-194.974 139.31-102.842 0-177.116-65.104-177.116-143.3 0-76.642 92.126-140.444 194.964-139.332 24 0.254 46.368 4.116 66.67 10.69 55.826 38.826 95.876 60.762 107.172 105.004zM300.818 427.776c-69.038-2.064-134.636-77.226-146.552-167.86-11.916-90.666 34.37-160.042 103.388-157.99 69.010 2.074 134.638 74.814 146.558 165.458 11.906 90.66-34.39 162.458-103.394 160.392zM832 256v-192h-64v192h-192v64h192v192h64v-192h192v-64z"
				],
				"attrs": [],
				"tags": [
					"google-plus",
					"brand",
					"social"
				],
				"defaultCode": 58515,
				"grid": 16
			},
			"attrs": [],
			"properties": {
				"id": 1292,
				"order": 9,
				"prevSize": 32,
				"code": 60040,
				"ligatures": "google-plus, brand2",
				"name": "google-plus"
			},
			"setIdx": 0,
			"iconIdx": 392
		},
		{
			"icon": {
				"paths": [
					"M293.188 0l-69.188 137.234-69.188-137.234h-88.248l124.71 217.314 0.726-0.43v167.116h64v-167.116l0.726 0.43 124.71-217.314z",
					"M480 128c17.346 0 32 14.654 32 32v128c0 17.346-14.654 32-32 32s-32-14.654-32-32v-128c0-17.346 14.654-32 32-32zM480 64c-52.8 0-96 43.2-96 96v128c0 52.8 43.2 96 96 96s96-43.2 96-96v-128c0-52.8-43.2-96-96-96v0z",
					"M768 64v251.968c-27.922 23.288-64 37.332-64-45.634v-206.334h-64v219.324h0.096c0.986 52.91 12.142 148.168 127.904 70.712v29.964h64v-320h-64z",
					"M864 704c-17.644 0-32 14.356-32 32v32h64v-32c0-17.644-14.356-32-32-32z",
					"M576 736v168c21.666 21.666 64 24 64-8s0-118 0-150-32-42-64-10z",
					"M1018.766 581.54c-2.792-36.862-16.046-66.942-39.778-90.244-23.726-23.298-54.080-35.994-91.068-38.080-69.784-3.478-229.452-5.216-369.716-5.216-140.266 0-311.294 1.738-381.078 5.216-36.986 2.086-67.342 14.782-91.068 38.080-23.728 23.302-36.988 53.382-39.778 90.244-4.188 75.116-6.28 102.352-6.28 139.91 0 37.56 2.092 93.894 6.28 169.012 2.792 36.862 16.050 66.944 39.778 90.244 23.726 23.298 54.082 35.992 91.068 38.080 69.782 3.476 240.81 5.214 381.078 5.214 140.266 0 299.934-1.738 369.716-5.214 36.988-2.088 67.342-14.782 91.068-38.080 23.73-23.3 36.986-53.382 39.778-90.244 3.49-62.598 5.234-118.934 5.234-169.012 0-50.076-1.744-77.314-5.234-139.91zM192 960h-64v-320h-64v-64h192v64h-64v320zM448 960h-64v-29.962c-121.666 68.294-126.918 2.198-127.904-50.712h-0.096v-175.326h64v176.334c0 38.666 36.078 34.924 64 11.634v-187.968h64v256zM704 895.086c0 66.892-68.504 86.402-128 34.39v30.524h-64v-384h64v104c64-64 128-40 128 24s0 121.172 0 191.086zM960 768v32h-128v64c0 17.644 14.356 32 32 32s32-14.356 32-32v-32h64v32c0 52.934-43.066 96-96 96s-96-43.066-96-96v-128c0-52.934 43.066-96 96-96s96 43.066 96 96v32z"
				],
				"attrs": [],
				"tags": [
					"youtube",
					"brand",
					"social"
				],
				"defaultCode": 61171,
				"grid": 16
			},
			"attrs": [],
			"properties": {
				"order": 10,
				"id": 1541,
				"prevSize": 32,
				"code": 60057,
				"ligatures": "youtube3, brand16",
				"name": "youtube3"
			},
			"setIdx": 0,
			"iconIdx": 409
		},
		{
			"icon": {
				"paths": [
					"M842.012 589.48c-13.648-13.446-43.914-20.566-89.972-21.172-31.178-0.344-68.702 2.402-108.17 7.928-17.674-10.198-35.892-21.294-50.188-34.658-38.462-35.916-70.568-85.772-90.576-140.594 1.304-5.12 2.414-9.62 3.448-14.212 0 0 21.666-123.060 15.932-164.666-0.792-5.706-1.276-7.362-2.808-11.796l-1.882-4.834c-5.894-13.592-17.448-27.994-35.564-27.208l-10.916-0.344c-20.202 0-36.664 10.332-40.986 25.774-13.138 48.434 0.418 120.892 24.98 214.738l-6.288 15.286c-17.588 42.876-39.63 86.060-59.078 124.158l-2.528 4.954c-20.46 40.040-39.026 74.028-55.856 102.822l-17.376 9.188c-1.264 0.668-31.044 16.418-38.028 20.644-59.256 35.38-98.524 75.542-105.038 107.416-2.072 10.17-0.53 23.186 10.014 29.212l16.806 8.458c7.292 3.652 14.978 5.502 22.854 5.502 42.206 0 91.202-52.572 158.698-170.366 77.93-25.37 166.652-46.458 244.412-58.090 59.258 33.368 132.142 56.544 178.142 56.544 8.168 0 15.212-0.78 20.932-2.294 8.822-2.336 16.258-7.368 20.792-14.194 8.926-13.432 10.734-31.932 8.312-50.876-0.72-5.622-5.21-12.574-10.068-17.32zM211.646 814.048c7.698-21.042 38.16-62.644 83.206-99.556 2.832-2.296 9.808-8.832 16.194-14.902-47.104 75.124-78.648 105.066-99.4 114.458zM478.434 199.686c13.566 0 21.284 34.194 21.924 66.254s-6.858 54.56-16.158 71.208c-7.702-24.648-11.426-63.5-11.426-88.904 0 0-0.566-48.558 5.66-48.558v0zM398.852 637.494c9.45-16.916 19.282-34.756 29.33-53.678 24.492-46.316 39.958-82.556 51.478-112.346 22.91 41.684 51.444 77.12 84.984 105.512 4.186 3.542 8.62 7.102 13.276 10.65-68.21 13.496-127.164 29.91-179.068 49.862v0zM828.902 633.652c-4.152 2.598-16.052 4.1-23.708 4.1-24.708 0-55.272-11.294-98.126-29.666 16.468-1.218 31.562-1.838 45.102-1.838 24.782 0 32.12-0.108 56.35 6.072 24.228 6.18 24.538 18.734 20.382 21.332v0z",
					"M917.806 229.076c-22.21-30.292-53.174-65.7-87.178-99.704s-69.412-64.964-99.704-87.178c-51.574-37.82-76.592-42.194-90.924-42.194h-496c-44.112 0-80 35.888-80 80v864c0 44.112 35.886 80 80 80h736c44.112 0 80-35.888 80-80v-624c0-14.332-4.372-39.35-42.194-90.924v0zM785.374 174.626c30.7 30.7 54.8 58.398 72.58 81.374h-153.954v-153.946c22.982 17.78 50.678 41.878 81.374 72.572v0zM896 944c0 8.672-7.328 16-16 16h-736c-8.672 0-16-7.328-16-16v-864c0-8.672 7.328-16 16-16 0 0 495.956-0.002 496 0v224c0 17.672 14.324 32 32 32h224v624z"
				],
				"attrs": [],
				"tags": [
					"file-pdf",
					"file",
					"file-format"
				],
				"defaultCode": 58594,
				"grid": 16
			},
			"attrs": [],
			"properties": {
				"id": 1376,
				"order": 11,
				"prevSize": 32,
				"code": 60122,
				"ligatures": "file-pdf, file10",
				"name": "file-pdf"
			},
			"setIdx": 0,
			"iconIdx": 474
		},
		{
			"icon": {
				"paths": [
					"M743.028 384h-135.292l-95.732 141.032-95.742-141.032h-135.29l162.162 242.464-182.972 269.536h251.838v-91.576h-50.156l50.156-74.994 111.396 166.57h140.444l-182.976-269.536 162.164-242.464z",
					"M917.806 229.076c-22.21-30.292-53.174-65.7-87.178-99.704s-69.412-64.964-99.704-87.178c-51.574-37.82-76.592-42.194-90.924-42.194h-496c-44.112 0-80 35.888-80 80v864c0 44.112 35.886 80 80 80h736c44.112 0 80-35.888 80-80v-624c0-14.332-4.372-39.35-42.194-90.924v0zM785.374 174.626c30.7 30.7 54.8 58.398 72.58 81.374h-153.954v-153.946c22.982 17.78 50.678 41.878 81.374 72.572v0zM896 944c0 8.672-7.328 16-16 16h-736c-8.672 0-16-7.328-16-16v-864c0-8.672 7.328-16 16-16 0 0 495.956-0.002 496 0v224c0 17.672 14.324 32 32 32h224v624z"
				],
				"attrs": [],
				"tags": [
					"file-excel",
					"file",
					"file-format",
					"xlc"
				],
				"defaultCode": 58597,
				"grid": 16
			},
			"attrs": [],
			"properties": {
				"id": 1379,
				"order": 12,
				"prevSize": 32,
				"code": 60125,
				"ligatures": "file-excel, file13",
				"name": "file-excel"
			},
			"setIdx": 0,
			"iconIdx": 477
		},
		{
			"icon": {
				"paths": [
					"M691.83 137.45v160.358l137.45-20.617v-139.74c0-75.597-61.852-137.45-137.45-137.45v0h-554.38c-75.597 0-137.45 61.852-137.45 137.45v554.38c0 75.597 61.852 137.45 137.45 137.45h130.577l-4.582-137.45c0 0-151.195-4.582-125.996 0v-554.38h554.38z",
					"M879.678 332.17v554.38h-552.089v-554.38h552.089zM879.678 194.72h-552.089c-75.597 0-137.45 61.852-137.45 137.45v554.38c0 75.597 61.852 137.45 137.45 137.45h554.38c75.597 0 137.45-61.852 137.45-137.45v-554.38c-2.291-75.597-64.143-137.45-139.74-137.45v0z"
				],
				"attrs": [
					{},
					{}
				],
				"width": 1017,
				"grid": 0,
				"tags": [
					"icon-max"
				]
			},
			"attrs": [
				{},
				{}
			],
			"properties": {
				"order": 13,
				"id": 9,
				"name": "max",
				"prevSize": 43,
				"code": 58880
			},
			"setIdx": 1,
			"iconIdx": 0
		},
		{
			"icon": {
				"paths": [
					"M1146.092 137.846c0 43.323-35.446 78.769-78.769 78.769h-988.554c-43.323 0-78.769-35.446-78.769-78.769v-59.077c0-43.323 35.446-78.769 78.769-78.769h988.554c43.323 0 78.769 35.446 78.769 78.769v59.077z",
					"M1146.092 539.569c0 43.323-35.446 78.769-78.769 78.769h-988.554c-43.323 0-78.769-35.446-78.769-78.769v-59.077c0-43.323 35.446-78.769 78.769-78.769h988.554c43.323 0 78.769 35.446 78.769 78.769v59.077z",
					"M1146.092 945.231c0 43.323-35.446 78.769-78.769 78.769h-988.554c-43.323 0-78.769-35.446-78.769-78.769v-59.077c0-43.323 35.446-78.769 78.769-78.769h988.554c43.323 0 78.769 35.446 78.769 78.769v59.077z"
				],
				"attrs": [
					{},
					{},
					{}
				],
				"width": 1146,
				"grid": 0,
				"tags": [
					"icon-menu"
				]
			},
			"attrs": [
				{},
				{},
				{}
			],
			"properties": {
				"order": 14,
				"id": 8,
				"prevSize": 43,
				"code": 58881,
				"name": "menu"
			},
			"setIdx": 1,
			"iconIdx": 1
		},
		{
			"icon": {
				"paths": [
					"M766.911 458.621h-201.532v-201.532h-106.757v201.532h-201.532v106.757h201.532v201.532h106.757v-201.532h201.532z",
					"M512 1024c-282.145 0-512-229.855-512-512s229.855-512 512-512c282.145 0 512 229.855 512 512s-229.855 512-512 512zM512 127.455c-211.336 0-383.455 172.119-383.455 384.545 0 211.336 172.119 383.455 383.455 383.455s384.545-172.119 384.545-383.455c-1.089-211.336-173.209-384.545-384.545-384.545z"
				],
				"attrs": [
					{},
					{}
				],
				"grid": 0,
				"tags": [
					"icon-add"
				]
			},
			"attrs": [
				{},
				{}
			],
			"properties": {
				"order": 15,
				"id": 7,
				"prevSize": 43,
				"code": 58882,
				"name": "add"
			},
			"setIdx": 1,
			"iconIdx": 2
		},
		{
			"icon": {
				"paths": [
					"M1190.987 342.253c-1.38-189.067-153.186-342.253-342.253-342.253-100.744 0-194.588 57.962-256.69 126.965-62.102-69.003-149.046-126.965-249.79-126.965-189.067 0-347.774 153.186-342.253 342.253 12.42 433.337 564.442 680.367 596.183 683.127 28.981 1.38 597.563-302.232 594.803-683.127z"
				],
				"attrs": [
					{}
				],
				"width": 1191,
				"grid": 0,
				"tags": [
					"icon-heart"
				]
			},
			"attrs": [
				{}
			],
			"properties": {
				"order": 16,
				"id": 6,
				"prevSize": 43,
				"code": 58883,
				"name": "heart"
			},
			"setIdx": 1,
			"iconIdx": 3
		},
		{
			"icon": {
				"paths": [
					"M677.647 268.742c0 148.422-120.32 268.742-268.742 268.742s-268.742-120.32-268.742-268.742c0-148.422 120.32-268.742 268.742-268.742s268.742 120.32 268.742 268.742z",
					"M816.652 1024h-816.652v-274.534c0-133.213 110.045-243.258 243.258-243.258h330.136c133.213 0 243.258 110.045 243.258 243.258v274.534z"
				],
				"attrs": [
					{},
					{}
				],
				"width": 817,
				"grid": 0,
				"tags": [
					"icon-user"
				]
			},
			"attrs": [
				{},
				{}
			],
			"properties": {
				"order": 17,
				"id": 5,
				"prevSize": 43,
				"code": 58884,
				"name": "user"
			},
			"setIdx": 1,
			"iconIdx": 4
		},
		{
			"icon": {
				"paths": [
					"M1103.3 375.811h-634.397l137.912-137.912c55.165-55.165 55.165-141.36 0-196.525s-141.36-55.165-196.525 0l-368.916 372.364c-55.165 55.165-55.165 141.36 0 193.077l372.364 375.811c27.582 27.582 62.061 41.374 96.539 41.374s68.956-13.791 96.539-41.374c55.165-55.165 55.165-141.36 0-196.525l-137.912-137.912h634.397c75.852 0 137.912-62.061 137.912-137.912s-62.061-134.465-137.912-134.465z"
				],
				"attrs": [
					{}
				],
				"width": 1241,
				"grid": 0,
				"tags": [
					"icon-bk"
				]
			},
			"attrs": [
				{}
			],
			"properties": {
				"order": 18,
				"id": 4,
				"prevSize": 43,
				"code": 58885,
				"name": "back"
			},
			"setIdx": 1,
			"iconIdx": 5
		},
		{
			"icon": {
				"paths": [
					"M1057.888 1024h-973.905c-45.675 0-83.983-36.835-83.983-83.983v-856.035c0-47.148 36.835-83.983 83.983-83.983h609.98c45.675 0 83.983 36.835 83.983 83.983 0 45.675-36.835 83.983-83.983 83.983h-525.997v688.069h805.94v-135.551c0-45.675 36.835-83.983 83.983-83.983 45.675 0 83.983 36.835 83.983 83.983v219.534c-1.473 45.675-38.308 83.983-83.983 83.983z",
					"M1125.663 360.978l-263.735-240.161c-16.207-14.734-27.994-8.84-27.994 13.26v104.61c-542.204 38.308-576.092 496.53-576.092 496.53s238.688-310.883 576.092-203.327v109.030c0 20.627 13.26 26.521 27.994 13.26l263.735-241.635c14.734-13.26 14.734-36.835 0-51.568z"
				],
				"attrs": [
					{},
					{}
				],
				"width": 1140,
				"grid": 0,
				"tags": [
					"icon-send"
				]
			},
			"attrs": [
				{},
				{}
			],
			"properties": {
				"order": 19,
				"id": 3,
				"prevSize": 43,
				"code": 58886,
				"name": "send"
			},
			"setIdx": 1,
			"iconIdx": 6
		},
		{
			"icon": {
				"paths": [
					"M1197.228 1024h-1014.221c-100.584 0-183.007-82.423-183.007-183.007v-657.986c0-100.584 82.423-183.007 183.007-183.007h1014.221c100.584 0 183.007 82.423 183.007 183.007v657.986c0 100.584-82.423 183.007-183.007 183.007zM183.007 166.243c-8.382 0-16.764 6.985-16.764 16.764v657.986c0 8.382 6.985 16.764 16.764 16.764h1014.221c8.382 0 16.764-6.985 16.764-16.764v-657.986c0-8.382-6.985-16.764-16.764-16.764h-1014.221z",
					"M690.117 595.121c-15.367 0-30.734-4.191-43.307-12.573l-607.694-375.793c-39.116-23.749-50.292-75.438-26.543-114.554s75.438-50.292 114.554-26.543l560.196 346.456 508.507-345.059c37.719-25.146 89.408-15.367 114.554 22.352s15.367 89.408-22.352 115.951l-551.814 375.793c-13.97 8.382-29.337 13.97-46.101 13.97z"
				],
				"attrs": [
					{},
					{}
				],
				"width": 1380,
				"grid": 0,
				"tags": [
					"icon-mail"
				]
			},
			"attrs": [
				{},
				{}
			],
			"properties": {
				"order": 20,
				"id": 2,
				"prevSize": 43,
				"code": 58887,
				"name": "mail"
			},
			"setIdx": 1,
			"iconIdx": 7
		},
		{
			"icon": {
				"paths": [
					"M1260.515 120.945c-45.69 21.501-96.756 34.94-147.822 40.315 53.753-32.252 94.068-83.318 112.882-142.446-51.066 29.564-104.819 51.066-163.948 61.816-48.378-51.066-115.57-80.63-188.136-80.63-142.446 0-258.016 115.57-258.016 258.016 0 21.501 2.688 40.315 5.375 59.129-215.013-10.751-405.837-112.882-532.158-268.766-24.189 37.627-34.94 80.63-34.94 129.008 0 88.693 45.69 169.323 115.57 215.013-43.003 0-83.318-13.438-118.257-32.252 0 0 0 2.688 0 2.688 0 126.32 88.693 228.451 206.95 252.64-21.501 5.375-45.69 8.063-67.192 8.063-16.126 0-32.252-2.688-48.378-5.375 32.252 102.131 129.008 177.386 241.89 180.074-88.693 69.879-198.887 110.194-319.832 110.194-21.501 0-40.315 0-61.816-2.688 115.57 72.567 249.953 115.57 395.087 115.57 475.717 0 733.732-392.399 733.732-733.732 0-10.751 0-21.501 0-32.252 48.378-37.627 94.068-83.318 129.008-134.383z"
				],
				"attrs": [
					{}
				],
				"width": 1261,
				"grid": 0,
				"tags": [
					"icon-twitter"
				]
			},
			"attrs": [
				{}
			],
			"properties": {
				"order": 21,
				"id": 1,
				"prevSize": 43,
				"code": 58888,
				"name": "twitter"
			},
			"setIdx": 1,
			"iconIdx": 8
		},
		{
			"icon": {
				"paths": [
					"M344.479 1024v-467.171h155.724l23.594-181.677h-179.318v-115.613c0-51.908 14.157-89.659 89.659-89.659h96.737v-162.802c-16.516-2.359-73.143-7.078-139.207-7.078-139.207 0-233.585 84.94-233.585 240.664v134.488h-158.083v181.677h158.083v467.171h186.396z"
				],
				"attrs": [
					{}
				],
				"width": 531,
				"grid": 0,
				"tags": [
					"icon-facebook"
				]
			},
			"attrs": [
				{}
			],
			"properties": {
				"order": 22,
				"id": 0,
				"prevSize": 43,
				"code": 58889,
				"name": "facebook"
			},
			"setIdx": 1,
			"iconIdx": 9
		}
	],
	"height": 1024,
	"metadata": {
		"name": "fracher"
	},
	"preferences": {
		"showGlyphs": true,
		"showQuickUse": true,
		"showQuickUse2": true,
		"showSVGs": true,
		"fontPref": {
			"prefix": "icon-",
			"metadata": {
				"fontFamily": "fracher",
				"majorVersion": 1,
				"minorVersion": 0
			},
			"metrics": {
				"emSize": 1024,
				"baseline": 6.25,
				"whitespace": 50
			},
			"ie7": false,
			"includeMetadata": false,
			"embed": false,
			"showSelector": false,
			"showMetrics": false,
			"showVersion": true,
			"showMetadata": true
		},
		"imagePref": {
			"prefix": "icon-",
			"png": true,
			"useClassSelector": true,
			"color": 4473924,
			"bgColor": 16777215
		},
		"historySize": 100,
		"showCodes": true,
		"gridSize": 16,
		"showLiga": false
	}
}